,identifier.Id,identifier.fips,identifier.apn,identifier.attomId,lot.lotSize1,address.country,address.countrySubd,address.line1,address.line2,address.locality,address.matchCode,address.oneLine,address.postal1,address.postal2,address.postal3,location.accuracy,location.latitude,location.longitude,location.distance,location.geoId,location.geoIdV4.CO,location.geoIdV4.CS,location.geoIdV4.DB,location.geoIdV4.N2,location.geoIdV4.N4,location.geoIdV4.PL,location.geoIdV4.SB,location.geoIdV4.ZI,summary.propClass,summary.propSubType,summary.propType,summary.propertyType,summary.yearBuilt,summary.propLandUse,summary.propIndicator,building.size.universalSize,building.rooms.bathsTotal,building.rooms.beds,vintage.lastModified,vintage.pubDate,avm.eventDate,avm.amount.scr,avm.amount.value,avm.amount.high,avm.amount.low,avm.amount.valueRange,avm.calculations.perSizeUnit,avm.calculations.ratioTaxAmt,avm.calculations.ratioTaxValue,avm.calculations.rangePctOfValue,homeEquity.LTV,homeEquity.estimatedAvailableEquity,homeEquity.estimatedLendableEquity,homeEquity.firstAmortizedLoanAmount,homeEquity.secondAmortizedLoanAmount,homeEquity.thirdAmortizedLoanAmount,homeEquity.totalEstimatedLoanBalance,homeEquity.recordLastUpdated,location.geoIdV4.N1
0,185362954,53033,199970-0045,185362954,0.1816345,US,WA,18810 DENSMORE AVE N,"SHORELINE, WA 98133",SHORELINE,ExaStr,"18810 DENSMORE AVE N, SHORELINE, WA 98133",98133,4217,C036,Rooftop,47.765801,-122.338789,0.0,"CO53033, CS5392928, DB5307920, ND0001689123, PL5363960, RS0000382544, SB0000128595, SB0000128598, SB0000128606, ZI98133",5ee7d0cd1877f3a877c2aebc11f8c2fb,4970292b3b10ee79d01df26bfa1db532,aaae0a2014f786ec8b4f30a615419d84,ae3b10d58c9951d3685696c5c2b482a6,860705d8bb4268a3f7e669bf73903a62,80a7d570de7f181d8918a0c422abfdb4,"e65a6b5776ed2b42dd80661a50818581,30af5cf1942710581d34ca424dc7f684",c7cd7868d4321b419658454605c93354,Single Family Residence / Townhouse,Residential,SFR,SINGLE FAMILY RESIDENCE,1955,SFR,10,1340,2.0,3.0,2023-04-07,2023-04-07,2023-08-22,99,875810,884568,867051,8758.0,653.0,107.01,1.0,2.0,77,0,0,658249,0,0,658249,2023-06-16,
1,53489785,53033,186060-0210,53489785,0.0717401,US,WA,709 W BLAINE ST,"SEATTLE, WA 98119",SEATTLE,ExaStr,"709 W BLAINE ST, SEATTLE, WA 98119",98119,2929,C082,Rooftop,47.634541,-122.366885,0.0,"CO53033, CS5392928, DB5307710, ND0000335587, ND0000499230, PL5363000, SB0000128513, SB0000128541, SB0000154429, ZI98119",5ee7d0cd1877f3a877c2aebc11f8c2fb,4970292b3b10ee79d01df26bfa1db532,98873a44ab19bc44db1ac29ee8bea1aa,64b9394c2266c5befb43860cf654bf4c,,2334119c0d04010c5be64976dea25ee4,"8dd20f91b35f39224be98bacc86de963,95d6613ba3f92af05ee852168a6fa7c6,34aaeef626fda5aad05b61aaaf2cb650",b3e38700211dcf1b4a464464c980b572,Single Family Residence / Townhouse,Residential,SFR,SINGLE FAMILY RESIDENCE,1926,SFR,10,1890,2.0,2.0,2023-04-07,2023-04-07,2023-08-22,98,1690105,1723907,1656302,33802.0,894.0,138.31,1.0,4.0,21,0,0,197840,0,0,197840,2023-06-16,9910825c7ffe7fcfd73cabc9f3d37492
2,10059309,53033,546790-0220,10059309,0.2944215,US,WA,26214 143RD AVE SE,"KENT, WA 98042",KENT,ExaStr,"26214 143RD AVE SE, KENT, WA 98042",98042,8157,C077,Rooftop,47.367146,-122.150460,0.0,"CO53033, CS5393392, DB5303960, ND0004855586, PL5335415, RS0000260683, SB0000127961, SB0000127975, SB0000127976, ZI98042",5ee7d0cd1877f3a877c2aebc11f8c2fb,5973965fd8331f1c7e397448223eb675,d18e254f3d9e8acaf1e902e0e18caf9d,45dbd9764c4de560b8a841cc45991033,1d209e8bea7c2938c66a5bcd047ca0bc,42b684da7d7308db262c87179b86cc38,"7d12ebf8a614a19a1da82eebdf08d9d7,03945a8ed8ea4cb678c990f73967cea8,1e94ed625b90415c2404ea1ff7c0005d",ae79926945d8daf28f516d66d14cee86,Single Family Residence / Townhouse,Residential,SFR,SINGLE FAMILY RESIDENCE,1966,SFR,10,1710,2.0,3.0,2023-04-07,2023-04-07,2023-08-22,99,606833,612901,600764,6068.0,354.0,104.83,1.0,2.0,56,0,0,238442,49467,0,287909,2023-06-16,
3,185457419,53033,403890-0300,185457419,0.1944444,US,WA,857 170TH PL NE,"BELLEVUE, WA 98008",BELLEVUE,ExaStr,"857 170TH PL NE, BELLEVUE, WA 98008",98008,3751,C061,Rooftop,47.618710,-122.113830,0.0,"CO53033, CS5392931, DB5300390, ND0000334702, PL5305210, SB0000127405, SB0000127406, SB0000127414, ZI98008",5ee7d0cd1877f3a877c2aebc11f8c2fb,50c4b457864cd4b4e996d5dc01b4fc85,1fa0fc62fd122b1f4ca1b52684a818f3,51c685952edeb735eedff608e1a8fb82,,335750a26cbaf7ab8f0f82d5d67d925a,"28a08be077e03cacdbc5f0e7a4039db1,584f4ae9d1223f8f6ad012625f5d2d73,52b018f4654ebc90c12fe78f3b68aba4",4ce363e7bb681df460e233403d2c68ea,Single Family Residence / Townhouse,Residential,SFR,SINGLE FAMILY RESIDENCE,1962,SFR,10,2160,3.0,4.0,2023-04-07,2023-04-07,2023-08-22,97,1438221,1481367,1395074,43146.0,665.0,138.32,0.0,6.0,32,0,0,477973,0,0,477973,2023-06-16,
4,143056643,53033,719730-0105,143056643,0.2410468,US,WA,9105 170TH AVE NE,"REDMOND, WA 98052",REDMOND,ExaStr,"9105 170TH AVE NE, REDMOND, WA 98052",98052,3791,C006,Rooftop,47.683042,-122.113947,0.0,"CO53033, CS5392931, DB5304230, ND0000335777, PL5357535, SB0000128043, SB0000128044, SB0000128045, ZI98052",5ee7d0cd1877f3a877c2aebc11f8c2fb,50c4b457864cd4b4e996d5dc01b4fc85,ddf8a96e270c8fda3601d9d564f2bc16,abf62cfcb60042b89102018598798bf1,,f06234761077deda403ed776cfdff5a9,181e5a2af2defcef2b74447c07d970ed,47f00eae83fe3ec4009cc95b52113a76,Single Family Residence / Townhouse,Residential,SFR,SINGLE FAMILY RESIDENCE,1976,SFR,10,1940,3.0,4.0,2023-04-07,2023-04-07,2023-08-22,98,1268774,1294149,1243398,25375.0,654.0,144.23,1.0,4.0,36,0,0,359469,0,0,359469,2023-06-16,
5,8407510,53033,510040-1390,8407510,0.1464646,US,WA,522 NE 88TH ST,"SEATTLE, WA 98115",SEATTLE,ExaStr,"522 NE 88TH ST, SEATTLE, WA 98115",98115,2937,C095,Rooftop,47.692470,-122.322034,0.0,"CO53033, CS5392928, DB5307710, ND0000335205, ND0004786190, PL5363000, SB0000128545, SB0000128549, SB0000154365, ZI98115",5ee7d0cd1877f3a877c2aebc11f8c2fb,4970292b3b10ee79d01df26bfa1db532,98873a44ab19bc44db1ac29ee8bea1aa,bccb177600b2d62f2607c6c7563f561e,,2334119c0d04010c5be64976dea25ee4,"218d8d1a0412a1b1785a4774321eb983,745beab65cc829e91a91e1fac02e6730,6772c33ed6aa0f9397488b1b801458ea",97f24138c1b1b2aa50120af8c83a6fdf,Single Family Residence / Townhouse,Residential,SFR,SINGLE FAMILY RESIDENCE,1935,SFR,10,1990,3.0,4.0,2023-04-07,2023-04-07,2023-08-22,99,1064929,1075578,1054279,10649.0,535.0,115.28,1.0,2.0,41,0,0,341161,0,0,341161,2023-06-16,2af5946f566ed7c106ec4257d8a0e6bb
6,185547032,53033,752521-0220,185547032,0.0631772,US,WA,2616 174TH AVE NE,"REDMOND, WA 98052",REDMOND,ExaStr,"2616 174TH AVE NE, REDMOND, WA 98052",98052,6221,C018,Rooftop,47.634381,-122.107390,0.0,"CO53033, CS5392931, DB5304230, ND0000354037, PL5357535, RS0000355386, SB0000128025, SB0000128039, SB0000128048, ZI98052",5ee7d0cd1877f3a877c2aebc11f8c2fb,50c4b457864cd4b4e996d5dc01b4fc85,ddf8a96e270c8fda3601d9d564f2bc16,763a91b8e4589ae58b6ded75246571f7,c82448be95f3c3245617ef0459c89ba4,f06234761077deda403ed776cfdff5a9,"1b922785ab1babe8e6370d77414b0ffa,35d38cf8a1594d94db9a874424107a54,2f96e4fdc8f7d9f3f9afce3a295e67b0",47f00eae83fe3ec4009cc95b52113a76,Single Family Residence / Townhouse,Residential,TOWNHOUSE/ROWHOUSE,TOWNHOUSE,1978,TOWNHOUSE/ROWHOUSE,10,1330,2.0,2.0,2023-04-07,2023-04-07,2023-08-22,98,927031,945571,908490,18540.0,697.0,149.55,1.0,4.0,34,0,0,250404,0,0,250404,2023-06-16,
7,185424674,53033,259172-0070,185424674,0.823416,US,WA,23762 SE 253RD PL,"MAPLE VALLEY, WA 98038",MAPLE VALLEY,ExaStr,"23762 SE 253RD PL, MAPLE VALLEY, WA 98038",98038,8326,R007,Rooftop,47.375198,-122.021969,0.0,"CO53033, CS5393392, DB5308760, ND0004856691, PL5343150, RS0004801233, SB0000128794, SB0000128800, SB0000134662, ZI98038",5ee7d0cd1877f3a877c2aebc11f8c2fb,5973965fd8331f1c7e397448223eb675,8dde4cd938a714a2a7a39729931e2949,05851fd9d932bb2b8d6854de0c3ab9c5,b52c786eb37cee2fefe89a47b6e7c829,2550bd3c5dc009ddecdb48a9b29e67a2,"d037cde3e41a5c06e2899705d9b184a0,48055518494b3443a218836d5be2e9c0,35e606eabbc13a74716a8465397cfdfd",7c6898fea3fabf935db12c6941bd9634,Single Family Residence / Townhouse,Residential,SFR,SINGLE FAMILY RESIDENCE,1989,SFR,10,2710,3.0,4.0,2023-04-07,2023-04-07,2023-08-22,99,1079116,1089907,1068324,10791.0,398.0,109.63,1.0,2.0,49,0,0,523930,0,0,523930,2023-06-16,
8,149622204,53033,132308-9054,149622204,1.302,US,WA,46625 SE 129TH ST,"NORTH BEND, WA 98045",NORTH BEND,ExaStr,"46625 SE 129TH ST, NORTH BEND, WA 98045",98045,,,Rooftop,47.481708,-121.717664,0.0,"CO53033, CS5393078, DB5308040, PL5358768, SB0000128624, SB0000128625, SB0000128630, ZI98045",5ee7d0cd1877f3a877c2aebc11f8c2fb,05f8dff05ce3663d66b7b364178c885e,25e2d4e7442d80263065fece7ac5d968,,,faa4427381acc132444f1224d8cd4bc1,"dc942f638640b6ed92464c74ff62b618,53917447e732e425a35a8c7c1a29745d,c384d8450f649d986c2a60014cc2d423",17b9dfe38d8a22064da7397e1c18b231,Single Family Residence / Townhouse,Residential,SFR,SINGLE FAMILY RESIDENCE,1955,SFR,10,800,,2.0,2023-04-07,2023-04-07,2023-08-22,98,508613,518785,498440,10172.0,635.0,99.51,1.0,4.0,0,0,0,0,0,0,0,2021-10-27,
9,185511342,53033,612760-0110,185511342,0.1423324,US,WA,6811 55TH AVE NE,"SEATTLE, WA 98115",SEATTLE,ExaStr,"6811 55TH AVE NE, SEATTLE, WA 98115",98115,7826,C062,Rooftop,47.677997,-122.269310,0.0,"CO53033, CS5392928, DB5307710, ND0000335565, ND0004780733, PL5363000, SB0000128518, SB0000128551, SB0000128559, ZI98115",5ee7d0cd1877f3a877c2aebc11f8c2fb,4970292b3b10ee79d01df26bfa1db532,98873a44ab19bc44db1ac29ee8bea1aa,0ce0de3de832027ec383ebb820fc33aa,,2334119c0d04010c5be64976dea25ee4,"6ce3133430b4f45cb76598f312adf9f6,50ebf28cf26ae10cfe426d06d76e9abd,5ed9a5f96b9e9f7f6df6af8fd50cdfab",97f24138c1b1b2aa50120af8c83a6fdf,Single Family Residence / Townhouse,Residential,SFR,SINGLE FAMILY RESIDENCE,1945,SFR,10,1520,2.0,4.0,2023-04-07,2023-04-07,2023-08-22,98,1097246,1119190,1075301,21944.0,721.0,115.14,1.0,4.0,14,0,0,138250,0,0,138250,2023-06-16,84a24f74ac41f53a9439af588bef7ab5
10,3003563,53033,752500-0080,3003563,0.3418733,US,WA,1833 220TH PL NE,"SAMMAMISH, WA 98074",SAMMAMISH,ExaStr,"1833 220TH PL NE, SAMMAMISH, WA 98074",98074,4158,C057,Rooftop,47.626707,-122.046035,0.0,"CO53033, CS5392931, DB5304230, PL5361115, RS0000363818, SB0000128050, SB0000128051, SB0000128059, ZI98074",5ee7d0cd1877f3a877c2aebc11f8c2fb,50c4b457864cd4b4e996d5dc01b4fc85,ddf8a96e270c8fda3601d9d564f2bc16,,c51e4d29f468f4326e89502e7297e306,50f053084afb526ebee9d816c1baf486,"94e52d6dac9d6eb40fb6829b6dc16f8b,aa32f871a2d8a746d9f4c4d0e347bc96,04bc0be2c6210b336c2aefdb5aedcdda",87c8679299d9315d597b32c037e75b7d,Single Family Residence / Townhouse,Residential,SFR,SINGLE FAMILY RESIDENCE,1980,SFR,10,2330,3.0,3.0,2023-04-07,2023-04-07,2023-08-22,99,1403272,1417304,1389239,14032.0,602.0,127.71,0.0,2.0,29,0,0,257827,0,0,257827,2023-06-16,
11,185432485,53033,339060-0020,185432485,0.1864096,US,WA,2504 SW PORTLAND CT,"SEATTLE, WA 98106",SEATTLE,ExaStr,"2504 SW PORTLAND CT, SEATTLE, WA 98106",98106,1729,C044,Rooftop,47.533394,-122.364903,0.0,"CO53033, CS5392928, DB5307710, ND0000335461, ND0000335900, PL5363000, RS0000381605, SB0000128512, SB0000128552, SB0000128567, ZI98106",5ee7d0cd1877f3a877c2aebc11f8c2fb,4970292b3b10ee79d01df26bfa1db532,98873a44ab19bc44db1ac29ee8bea1aa,7ce70ad014fee7c962ce6f2cfe6476de,df0f7169135ecd4e2927db5d7fe97e30,2334119c0d04010c5be64976dea25ee4,"a6c14d568b0cc507ff65a5736ea95997,1af895b37eafaf1b4d9ed15552050487",d0972b99f7811fd54bdd3dba1d84ada7,Single Family Residence / Townhouse,Residential,SFR,SINGLE FAMILY RESIDENCE,1956,SFR,10,2280,2.0,3.0,2023-04-07,2023-04-07,2023-08-22,98,618414,630782,606045,12368.0,271.0,322.54,1.0,4.0,0,0,0,0,0,0,0,2019-05-15,ea5e3cf3adb187d63738004835ce6c66
12,185468652,53033,421940-0295,185468652,0.1515152,US,WA,3534 46TH AVE NE,"SEATTLE, WA 98105",SEATTLE,ExaStr,"3534 46TH AVE NE, SEATTLE, WA 98105",98105,5325,C016,Rooftop,47.655016,-122.277808,0.0,"CO53033, CS5392928, DB5307710, ND0000335099, ND0004780733, PL5363000, RS0000355209, SB0000128518, SB0000128534, SB0000128551, ZI98105",5ee7d0cd1877f3a877c2aebc11f8c2fb,4970292b3b10ee79d01df26bfa1db532,98873a44ab19bc44db1ac29ee8bea1aa,94aced9231f6141e1199623a48b10244,62b91fe92b9d3087e8b9cab6570bac94,2334119c0d04010c5be64976dea25ee4,"6ce3133430b4f45cb76598f312adf9f6,5ed9a5f96b9e9f7f6df6af8fd50cdfab",8a48ef8a516583637bd9534dbb1e8d57,Single Family Residence / Townhouse,Residential,SFR,SINGLE FAMILY RESIDENCE,1926,SFR,10,3470,4.0,4.0,2023-04-07,2023-04-07,2023-08-22,98,2473693,2523166,2424219,49473.0,712.0,139.2,1.0,4.0,63,0,0,1443325,0,0,1443325,2023-06-16,84a24f74ac41f53a9439af588bef7ab5
13,185388191,53033,261830-0090,185388191,0.2231405,US,WA,14034 SE 201ST ST,"KENT, WA 98042",KENT,ExaStr,"14034 SE 201ST ST, KENT, WA 98042",98042,3056,R003,Rooftop,47.422533,-122.153099,0.0,"CO53033, CS5392928, DB5303960, RS0005030811, SB0000127958, SB0000127959, SB0000127983, ZI98042",5ee7d0cd1877f3a877c2aebc11f8c2fb,4970292b3b10ee79d01df26bfa1db532,d18e254f3d9e8acaf1e902e0e18caf9d,,f846ebade83b06771fbdc6df9aba4e12,,"c485d615751f89b588318787ba7897e5,92289f5c0d84665825fe046cfd7f6800,8df32162ee29495189778e60f7699266",ae79926945d8daf28f516d66d14cee86,Single Family Residence / Townhouse,Residential,SFR,SINGLE FAMILY RESIDENCE,1965,SFR,10,1610,2.0,3.0,2023-04-07,2023-04-07,2023-08-22,99,611803,617921,605684,6118.0,380.0,92.34,1.0,2.0,30,0,0,38726,23278,0,62004,2023-06-16,
14,186037841,53033,122000-0417,186037841,0.2657943,US,WA,15424 9TH AVE SW,"BURIEN, WA 98166",BURIEN,ExaStr,"15424 9TH AVE SW, BURIEN, WA 98166",98166,2156,C032,Rooftop,47.464044,-122.345471,0.0,"CO53033, CS5392928, DB5303540, ND0004788263, PL5308850, SB0000127864, SB0000127866, SB0000127878, SB0000154395, ZI98166",5ee7d0cd1877f3a877c2aebc11f8c2fb,4970292b3b10ee79d01df26bfa1db532,ff73ce6b6955517970b72c14da5a73c7,a51e51639e56ee656735b6a2799916c8,,fd35956a744120b562c4bac08ef2db96,"a69aa9789718181281869a6a6dd1fd81,1300f569ce1c497096eb16e6d2ecd53a",b5e0c349b7a51edb14fb24f02f130f2a,Apartment,Residential,MULTI FAMILY DWELLING,RESIDENTIAL INCOME (GENERAL/MULTI-FAMILY),1968,MULTI FAMILY DWELLING,22,6615,,,2023-04-07,2023-04-07,,0,0,0,0,,,,,,0,0,0,626168,0,0,626168,2023-06-16,
15,185514622,53033,660078-0120,185514622,0.1665748,US,WA,11224 SE 306TH PL,"AUBURN, WA 98092",AUBURN,ExaStr,"11224 SE 306TH PL, AUBURN, WA 98092",98092,3313,C014,Rooftop,47.327860,-122.191060,0.0,"CO53033, CS5391056, DB5300300, ND0000451386, PL5303180, RS0000454853, SB0000127374, SB0000127375, SB0000127377, ZI98092",5ee7d0cd1877f3a877c2aebc11f8c2fb,89847a1284573d48de0b921af3093dc6,d5041428aaed57707e26ca39d6cebd87,b224cbc80731eeb45a6d26856bd6c54b,4f01323f8be25b160a0757988209418b,87132a1430a26b86e59bb901d5693487,"981622f44c9b91e4666fa0e71189841f,dd3bcf917fe36db39e937837ce9943b4,b14b16897586f30e95cafc101a221c61",94a9bd0fa93f4be871eabb3718231231,Single Family Residence / Townhouse,Residential,SFR,SINGLE FAMILY RESIDENCE,1997,SFR,10,3000,3.0,4.0,2023-04-07,2023-04-07,2023-08-22,98,767950,783309,752591,15359.0,255.0,98.47,1.0,4.0,36,0,0,255579,0,0,255579,2023-06-16,
16,4207315,53033,201100-0010,4207315,0.1344812,US,WA,1605 S 245TH PL,"DES MOINES, WA 98198",DES MOINES,ExaStr,"1605 S 245TH PL, DES MOINES, WA 98198",98198,8645,C093,Rooftop,47.381538,-122.312891,0.0,"CO53033, CS5392928, DB5303540, PL5317635, RS0000402883, SB0000127872, SB0000127874, SB0000136137, SB0000154395, ZI98198",5ee7d0cd1877f3a877c2aebc11f8c2fb,4970292b3b10ee79d01df26bfa1db532,ff73ce6b6955517970b72c14da5a73c7,,ffe3e9c48bf3c7d8323324c2053dde36,ee608d05012ded6bf7f12ad2b9427d85,"4f7aaff65eeb47aa3ed4762f1bd595c6,aa5ebe829c7afa304d5a741cde00266f,3f2b23403bee5f7a7b95be0bf4512e37",dbf3fe3162e0dfe2cec38a4df7fa8314,Single Family Residence / Townhouse,Residential,SFR,SINGLE FAMILY RESIDENCE,1987,SFR,10,1370,2.0,3.0,2023-04-07,2023-04-07,2023-08-22,99,533472,538806,528137,5334.0,389.0,98.36,1.0,2.0,60,0,0,258100,45876,0,303976,2023-06-16,
17,142733770,53033,077660-0130,142733770,0.2359275,US,WA,12425 415TH AVE SE,"NORTH BEND, WA 98045",NORTH BEND,ExaStr,"12425 415TH AVE SE, NORTH BEND, WA 98045",98045,9482,R010,Rooftop,47.488020,-121.787028,0.0,"CO53033, CS5393078, DB5308040, RS0000241419, SB0000128624, SB0000128625, SB0000128630, ZI98045",5ee7d0cd1877f3a877c2aebc11f8c2fb,05f8dff05ce3663d66b7b364178c885e,25e2d4e7442d80263065fece7ac5d968,,906ad2830ef138a57623e55af3832da5,,"dc942f638640b6ed92464c74ff62b618,53917447e732e425a35a8c7c1a29745d,c384d8450f649d986c2a60014cc2d423",17b9dfe38d8a22064da7397e1c18b231,Single Family Residence / Townhouse,Residential,SFR,SINGLE FAMILY RESIDENCE,1983,SFR,10,1180,2.0,3.0,2023-04-07,2023-04-07,2023-08-22,99,680392,687195,673588,6803.0,576.0,111.88,1.0,2.0,56,0,0,333662,23985,0,357647,2023-06-16,
18,1216193,53033,565260-0185,1216193,0.2428375,US,WA,3225 NE 92ND ST,"SEATTLE, WA 98115",SEATTLE,ExaStr,"3225 NE 92ND ST, SEATTLE, WA 98115",98115,3653,C065,Rooftop,47.695388,-122.292099,0.0,"CO53033, CS5392928, DB5307710, ND0004780733, ND0004781434, PL5363000, RS0000359694, SB0000128518, SB0000128545, SB0000128561, ZI98115",5ee7d0cd1877f3a877c2aebc11f8c2fb,4970292b3b10ee79d01df26bfa1db532,98873a44ab19bc44db1ac29ee8bea1aa,5c9e703833cd12bc74929df55cfc4c13,b9c53b2c98820d18a0ddcd71399a59ef,2334119c0d04010c5be64976dea25ee4,"2970794f9fd1426ec37732b0a8b89a35,5ed9a5f96b9e9f7f6df6af8fd50cdfab,745beab65cc829e91a91e1fac02e6730",97f24138c1b1b2aa50120af8c83a6fdf,Single Family Residence / Townhouse,Residential,SFR,SINGLE FAMILY RESIDENCE,1923,SFR,10,2240,2.0,3.0,2023-04-07,2023-04-07,2023-08-22,98,1424131,1452613,1395648,28482.0,635.0,123.25,1.0,4.0,54,0,0,740510,0,0,740510,2023-06-16,84a24f74ac41f53a9439af588bef7ab5
19,20037761,53033,220250-0290,20037761,0.2020202,US,WA,3922 154TH AVE SE,"BELLEVUE, WA 98006",BELLEVUE,ExaStr,"3922 154TH AVE SE, BELLEVUE, WA 98006",98006,1748,C086,Rooftop,47.574559,-122.134872,0.0,"CO53033, CS5392931, DB5300390, ND0005023403, PL5305210, SB0000127403, SB0000127410, SB0000127418, ZI98006",5ee7d0cd1877f3a877c2aebc11f8c2fb,50c4b457864cd4b4e996d5dc01b4fc85,1fa0fc62fd122b1f4ca1b52684a818f3,fb1bcb41772f3fe04e46a401d66f157e,,335750a26cbaf7ab8f0f82d5d67d925a,"0c7e494d16b9b1c09327ead2682923e8,6b1d73a6e5d7c5d5a174f1983db78112,9f61d049da3812aeb0fb631d2a9c2e8d",97c8add51f3197dd646593f78cba9ce4,Single Family Residence / Townhouse,Residential,SFR,SINGLE FAMILY RESIDENCE,2022,SFR,10,4720,5.0,6.0,2023-06-12,2023-06-12,2023-08-22,99,2970000,2999700,2940300,29700.0,629.0,214.26,1.0,2.0,73,0,0,2187981,0,0,2187981,2023-06-16,
20,143589959,53033,108880-0770,143589959,0.233494,US,WA,10212 NE 156TH PL,"BOTHELL, WA 98011",BOTHELL,ExaStr,"10212 NE 156TH PL, BOTHELL, WA 98011",98011,4039,C051,Rooftop,47.741767,-122.205029,0.0,"CO53033, CS5392931, DB5305910, ND0004790671, PL5307380, RS0000360156, SB0000128248, SB0000128254, SB0000128255, ZI98011",5ee7d0cd1877f3a877c2aebc11f8c2fb,50c4b457864cd4b4e996d5dc01b4fc85,bceedd4f37fdd5c95df8c3cb42854b18,35373def638b4adbdc4bf9bdb890d5a7,3f0035b758f9184e9586abdfd5c617c8,ec7b9704fd7c2bdebb1e74f7345c37ac,"e055e752568f65cd5c702f756f636810,18daa80c61cf471817fe4512af043f14,dd70435df108f3a7ba0d5806ab93d864",33ae696276a128695e3d5e49a2cdeaf1,Single Family Residence / Townhouse,Residential,SFR,SINGLE FAMILY RESIDENCE,1991,SFR,10,4690,4.0,5.0,2023-04-07,2023-04-07,2023-08-22,98,1553753,1584828,1522677,31075.0,331.0,120.71,1.0,4.0,47,0,0,715700,0,0,715700,2023-06-16,
21,185946854,53033,510140-5331,185946854,0.1464646,US,WA,2021 NE 100TH ST,"SEATTLE, WA 98125",SEATTLE,ExaStr,"2021 NE 100TH ST, SEATTLE, WA 98125",98125,7621,C031,Rooftop,47.700944,-122.305928,0.0,"CO53033, CS5392928, DB5307710, ND0000335547, ND0004786190, PL5363000, SB0000128545, SB0000128553, SB0000154365, ZI98125",5ee7d0cd1877f3a877c2aebc11f8c2fb,4970292b3b10ee79d01df26bfa1db532,98873a44ab19bc44db1ac29ee8bea1aa,4c9bfaec2183f7fc727e73eb24ae7481,,2334119c0d04010c5be64976dea25ee4,"218d8d1a0412a1b1785a4774321eb983,745beab65cc829e91a91e1fac02e6730",f0fa048ac52b807d9245450f9f8d882a,Single Family Residence / Townhouse,Residential,SFR,SINGLE FAMILY RESIDENCE,1959,SFR,10,1600,2.0,4.0,2023-04-07,2023-04-07,2023-08-22,98,817537,833887,801186,16350.0,510.0,114.19,1.0,4.0,0,0,0,0,0,0,0,2019-05-15,2af5946f566ed7c106ec4257d8a0e6bb
22,2795126,53033,757561-0150,2795126,0.197314,US,WA,27736 23RD AVE S,"FEDERAL WAY, WA 98003",FEDERAL WAY,ExaStr,"27736 23RD AVE S, FEDERAL WAY, WA 98003",98003,6936,C090,Rooftop,47.353669,-122.303168,0.0,"CO53033, CS5391140, DB5302820, ND0004855579, PL5323515, RS0004795709, SB0000127770, SB0000127784, SB0000127793, ZI98003",5ee7d0cd1877f3a877c2aebc11f8c2fb,982c528122d2b175cddfd33a5e26e524,2ce5560e1252682b500cd5a7a7840455,a0f7cfd801f49d9ca4603640e8e32d82,7b99717c769afca6539376226d285c60,8512807252dd472634a357354b2e8882,"23ec874130bf74d7192c45fc441d3890,6b773ed02652d3fa043ce001b8c99069,257c82b937b3b0a2ae8d424c87952ab5",d0f7443dfefea51b8f098eb05f154ee0,Single Family Residence / Townhouse,Residential,SFR,SINGLE FAMILY RESIDENCE,1989,SFR,10,1650,3.0,3.0,2023-04-07,2023-04-07,2023-08-22,99,592417,598341,586492,5924.0,359.0,111.88,1.0,2.0,57,0,0,239800,0,0,239800,2023-06-16,
23,185508035,53033,249320-0370,185508035,0.0977273,US,WA,8438 41ST AVE SW,"SEATTLE, WA 98136",SEATTLE,ExaStr,"8438 41ST AVE SW, SEATTLE, WA 98136",98136,2357,C066,Rooftop,47.527393,-122.383616,0.0,"CO53033, CS5392928, DB5307710, ND0000334989, ND0004780730, PL5363000, RS0000398335, SB0000128505, SB0000128512, SB0000128567, ZI98136",5ee7d0cd1877f3a877c2aebc11f8c2fb,4970292b3b10ee79d01df26bfa1db532,98873a44ab19bc44db1ac29ee8bea1aa,47e50d349e78f622754fa0fe04b2726e,2d08fe4530c2e7f3223dd7f90baee81a,2334119c0d04010c5be64976dea25ee4,"a6c14d568b0cc507ff65a5736ea95997,bedf5e1dbb9fafb25c35daeec2eef9c6",df68dc5aaf4244fb3b6d063d9a0aff3c,Single Family Residence / Townhouse,Residential,SFR,SINGLE FAMILY RESIDENCE,1953,SFR,10,1550,2.0,2.0,2023-04-07,2023-04-07,2023-08-22,98,899166,917149,881182,17983.0,580.0,132.94,1.0,4.0,69,0,0,334210,161831,0,496041,2023-06-16,d8735b9715b0207ece1b14e5d6b76c0c
24,44733688,53033,124500-3160,44733688,0.2582645,US,WA,1036 4TH ST,"KIRKLAND, WA 98033",KIRKLAND,ExaStr,"1036 4TH ST, KIRKLAND, WA 98033",98033,5503,C057,Rooftop,47.684567,-122.200759,0.0,"CO53033, CS5392931, DB5304230, ND0000334861, PL5335940, SB0000128037, SB0000128039, SB0000128042, ZI98033",5ee7d0cd1877f3a877c2aebc11f8c2fb,50c4b457864cd4b4e996d5dc01b4fc85,ddf8a96e270c8fda3601d9d564f2bc16,d933e97f06e186c38d12c34eeff0d3d2,,f4c040d46e198f4567b81f49873cf4dd,"96b71d8b0396e8e26186b5d3a4c57bfa,0b456633b02119442700cd09b8da6cbb,2f96e4fdc8f7d9f3f9afce3a295e67b0",6be4da1f2dab209cf5dfad4c300fab98,Single Family Residence / Townhouse,Residential,SFR,SINGLE FAMILY RESIDENCE,1920,SFR,10,2200,3.0,4.0,2023-04-07,2023-04-07,2023-08-22,97,1637884,1687020,1588747,49136.0,744.0,137.49,1.0,6.0,87,0,0,1059567,236533,0,1296100,2023-06-16,
25,184989286,53033,102406-9009,184989286,0.4079431,US,WA,23525 SE 32ND WAY,"SAMMAMISH, WA 98029",SAMMAMISH,ExaStr,"23525 SE 32ND WAY, SAMMAMISH, WA 98029",98029,6336,R010,Rooftop,47.579557,-122.025151,0.0,"CO53033, CS5391392, DB5303750, ND0005022956, PL5361115, SB0000127904, SB0000127905, SB0000127912, ZI98029",5ee7d0cd1877f3a877c2aebc11f8c2fb,21a430870c049c2277de7a05da507943,65c22916cea02d35add4b0f66af5b4c4,dfe26eba285b99b2c9400170d9c229ea,,50f053084afb526ebee9d816c1baf486,"c6800bf789203da6a92c2f0ee919cc39,1d6515aa8be34ef7fc5aed1286858583",e9863b38d28d46cfca7cc62fe7e6bb3e,Single Family Residence / Townhouse,Residential,SFR,SINGLE FAMILY RESIDENCE,1979,SFR,10,2820,3.0,4.0,2023-04-07,2023-04-07,2023-08-22,99,1305515,1318570,1292459,13055.0,462.0,117.26,0.0,2.0,0,0,0,0,0,0,0,2023-05-13,
26,185279271,53033,047200-0660,185279271,0.109045,US,WA,3314 NW 75TH ST,"SEATTLE, WA 98117",SEATTLE,ExaStr,"3314 NW 75TH ST, SEATTLE, WA 98117",98117,4744,C084,Rooftop,47.683274,-122.400098,0.0,"CO53033, CS5392928, DB5307710, ND0000498405, ND0000498462, PL5363000, SB0000128508, SB0000128538, SB0000128564, ZI98117",5ee7d0cd1877f3a877c2aebc11f8c2fb,4970292b3b10ee79d01df26bfa1db532,98873a44ab19bc44db1ac29ee8bea1aa,a1642fd01b67fbf43513c728f6919baa,,2334119c0d04010c5be64976dea25ee4,"336c830e03f6ca078f81b0bfa0d29e56,38963a7715b8758170ba22b9e14d9b38,c8ac667fb343155184e4591713b461af",d5b67feb5ce99270abab666ccf63fde0,Single Family Residence / Townhouse,Residential,SFR,SINGLE FAMILY RESIDENCE,1927,SFR,10,2500,3.0,1.0,2023-04-07,2023-04-07,2023-08-22,98,2320982,2367401,2274562,46419.0,928.0,138.77,1.0,4.0,14,2276529,1821223,4596,0,0,4596,2023-05-13,38649453bb3c784b85ab0d0882a2dd58
27,185446713,53033,387620-0060,185446713,0.1997245,US,WA,14104 119TH AVE NE,"KIRKLAND, WA 98034",KIRKLAND,ExaStr,"14104 119TH AVE NE, KIRKLAND, WA 98034",98034,1428,C019,Rooftop,47.727424,-122.181259,0.0,"CO53033, CS5392931, DB5304230, ND0000349202, ND0004772973, ND0005023308, PL5335940, RS0002922794, RS0004828237, RS0005028487, SB0000128035, SB0000128036, SB0000128046, SB0000128065, ZI98034",5ee7d0cd1877f3a877c2aebc11f8c2fb,50c4b457864cd4b4e996d5dc01b4fc85,ddf8a96e270c8fda3601d9d564f2bc16,d5f5bae06c4f5f4b4eb96d9d338ea1f5,8acd227ddf587e19c83bf81d8dc36b1f,f4c040d46e198f4567b81f49873cf4dd,"bbc41bd238295f1ea44db48030c3a829,d3f6435953a192c583f6f2a9a5e4f362,ec15009ef2231ee2744184a491af4d16",7c59ad48026d2bcdf88c4605f4ebfbc5,Single Family Residence / Townhouse,Residential,SFR,SINGLE FAMILY RESIDENCE,1967,SFR,10,1560,2.0,4.0,2022-11-21,2022-11-21,2023-08-22,98,999056,1019037,979074,19981.0,640.0,132.59,1.0,4.0,0,0,0,0,0,0,0,2022-11-22,
28,22748959,53033,273860-0140,22748959,0.0767906,US,WA,20120 137TH AVE NE,"WOODINVILLE, WA 98072",WOODINVILLE,ExaStr,"20120 137TH AVE NE, WOODINVILLE, WA 98072",98072,8711,R003,Rooftop,47.773525,-122.157988,0.0,"CO53033, CS5392931, DB5305910, ND0000335717, PL5379590, RS0000371097, SB0000128251, SB0000128257, SB0000128263, ZI98072",5ee7d0cd1877f3a877c2aebc11f8c2fb,50c4b457864cd4b4e996d5dc01b4fc85,bceedd4f37fdd5c95df8c3cb42854b18,a078aeeda2c25a013cc392706e98be37,8fe170e429bc6948dc9dbff23d4015c7,07efef1976cee56e58adccbfa371785b,"820b7e45cfd1ea82880b36df2236679c,b2fbcc5ad8d5cc75d16e2fe09cd32255",97250d0b3d8bc96020c0450aeb85c4dc,Single Family Residence / Townhouse,Residential,SFR,SINGLE FAMILY RESIDENCE,2004,SFR,10,2860,3.0,4.0,2023-04-07,2023-04-07,2023-08-22,99,1150000,1161500,1138500,11500.0,402.0,119.59,1.0,2.0,69,0,0,797745,0,0,797745,2023-06-16,
29,185973043,53033,262404-9154,185973043,0.379247,US,WA,7155 55TH AVE S,"SEATTLE, WA 98118",SEATTLE,ExaStr,"7155 55TH AVE S, SEATTLE, WA 98118",98118,4205,C016,Rooftop,47.537228,-122.264950,0.0,"CO53033, CS5392928, DB5307710, ND0000335439, ND0004780827, PL5363000, SB0000128524, SB0000128550, SB0000128556, ZI98118",5ee7d0cd1877f3a877c2aebc11f8c2fb,4970292b3b10ee79d01df26bfa1db532,98873a44ab19bc44db1ac29ee8bea1aa,a92460db4900881f6661d01800a4174d,,2334119c0d04010c5be64976dea25ee4,"04217c07670e14513c2667115624b1a1,c5366abe108362b11de4b435f9a5e3f8,dd9f4804b62512cc635aa1760d7fb050",711c9ffdfde0225dc9244e1a7506fe5f,Single Family Residence / Townhouse,Residential,SFR,SINGLE FAMILY RESIDENCE,1940,SFR,10,2440,2.0,3.0,2023-04-07,2023-04-07,2023-08-22,99,1370207,1383909,1356504,13702.0,561.0,122.57,1.0,2.0,3,0,0,19017,0,0,19017,2023-06-16,2aff4845c65c677f771fc83c97c8684d
30,185550350,53033,730530-0695,185550350,0.1930211,US,WA,17052 4TH AVE NE,"SHORELINE, WA 98155",SHORELINE,ExaStr,"17052 4TH AVE NE, SHORELINE, WA 98155",98155,4920,C093,Rooftop,47.753775,-122.324979,0.0,"CO53033, CS5392928, DB5307920, ND0001689127, PL5363960, SB0000128600, SB0000128604, SB0000128605, ZI98155",5ee7d0cd1877f3a877c2aebc11f8c2fb,4970292b3b10ee79d01df26bfa1db532,aaae0a2014f786ec8b4f30a615419d84,65b59e315d47ea08ed3a39cc24cd394e,,80a7d570de7f181d8918a0c422abfdb4,"387424bde5d4f75205a22f0e99517065,e57abad561b8211abe28a34316a00835,83a611fccb92403fc75204f4d3dc8f4c",eef98b95772705b278605900b5e0e77f,Single Family Residence / Townhouse,Residential,SFR,SINGLE FAMILY RESIDENCE,2014,SFR,10,2820,3.0,4.0,2023-04-07,2023-04-07,2023-08-22,98,1507916,1538074,1477757,30158.0,534.0,113.54,1.0,4.0,0,0,0,0,0,0,0,2023-05-13,
31,149167382,53033,058755-0340,149167382,0.7610422,US,WA,30822 36TH CT SW,"FEDERAL WAY, WA 98023",FEDERAL WAY,ExaStr,"30822 36TH CT SW, FEDERAL WAY, WA 98023",98023,2156,C061,Rooftop,47.325737,-122.377352,0.0,"CO53033, CS5391140, DB5302820, ND0004855583, PL5323515, RS0000365033, SB0000127769, SB0000127776, SB0000127785, ZI98023",5ee7d0cd1877f3a877c2aebc11f8c2fb,982c528122d2b175cddfd33a5e26e524,2ce5560e1252682b500cd5a7a7840455,e15cad7ef8d7ee2128715fc1dec4b5b3,b091629a9d2c7df96d5020ccadd645a6,8512807252dd472634a357354b2e8882,"c882fc3df0d824acd2eadaceecc7b080,1dacd7cc08246312fe7c3d5e9cc1c02a",a3b2176091296b072f17e3dbd555957f,Single Family Residence / Townhouse,Residential,SFR,SINGLE FAMILY RESIDENCE,1995,SFR,10,3580,3.0,4.0,2023-04-07,2023-04-07,2023-08-22,98,1263170,1288433,1237906,25263.0,352.0,119.65,1.0,4.0,36,0,0,430238,0,0,430238,2023-06-16,
32,47624252,53033,202570-0730,47624252,0.4583563,US,WA,23017 SE 281ST CT,"MAPLE VALLEY, WA 98038",MAPLE VALLEY,ExaStr,"23017 SE 281ST CT, MAPLE VALLEY, WA 98038",98038,8144,R010,Rooftop,47.349200,-122.034162,0.0,"CO53033, CS5391056, DB5308760, PL5343150, RS0000376846, SB0000128795, SB0000128796, SB0000134662, ZI98038",5ee7d0cd1877f3a877c2aebc11f8c2fb,89847a1284573d48de0b921af3093dc6,8dde4cd938a714a2a7a39729931e2949,,51cc2aec0085a7c7b99b0dd7ee560bb4,2550bd3c5dc009ddecdb48a9b29e67a2,"a6576a64baa4ccd2262bf6db4177c8dc,d037cde3e41a5c06e2899705d9b184a0,845ecf279a76a958a7b533af90820068",7c6898fea3fabf935db12c6941bd9634,Single Family Residence / Townhouse,Residential,SFR,SINGLE FAMILY RESIDENCE,1992,SFR,10,1850,3.0,3.0,2023-04-07,2023-04-07,2023-08-22,99,672351,679074,665627,6723.0,363.0,111.62,1.0,2.0,81,0,0,516665,0,0,516665,2023-06-16,
33,185366484,53033,181880-0144,185366484,0.1503673,US,WA,3628 59TH AVE SW,"SEATTLE, WA 98116",SEATTLE,ExaStr,"3628 59TH AVE SW, SEATTLE, WA 98116",98116,3020,C014,Rooftop,47.571409,-122.408064,0.0,"CO53033, CS5392928, DB5307710, ND0004780307, ND0004780730, PL5363000, SB0000128504, SB0000128539, SB0000128562, ZI98116",5ee7d0cd1877f3a877c2aebc11f8c2fb,4970292b3b10ee79d01df26bfa1db532,98873a44ab19bc44db1ac29ee8bea1aa,6aa7914e623901f06e56c3aa09def069,,2334119c0d04010c5be64976dea25ee4,"db54d65061c24fcfb878270f272fde32,381bca93b7ada2bbf978f5f6075fae65,4a966ecc7d54b531aa6b09fd8261142e",f5ab1c51e168676801165cf00d581adb,Single Family Residence / Townhouse,Residential,SFR,SINGLE FAMILY RESIDENCE,1955,SFR,10,2390,3.0,4.0,2023-04-07,2023-04-07,2023-08-22,98,1371807,1399243,1344370,27436.0,573.0,131.31,1.0,4.0,76,0,0,436711,412787,0,849498,2023-06-16,d8735b9715b0207ece1b14e5d6b76c0c
34,149369086,53033,094310-0683,149369086,0.3722452,US,WA,4460 332ND AVE SE,"FALL CITY, WA 98024",FALL CITY,ExaStr,"4460 332ND AVE SE, FALL CITY, WA 98024",98024,5807,R005,Rooftop,47.564254,-121.896841,0.0,"CO53033, CS5393078, DB5308040, ND0004856692, PL5323200, SB0000128623, SB0000128624, SB0000128628, ZI98024",5ee7d0cd1877f3a877c2aebc11f8c2fb,05f8dff05ce3663d66b7b364178c885e,25e2d4e7442d80263065fece7ac5d968,97fd9488f88d00cbeaa71682c2a43036,,f0b3053c38a83a7620c6c0cbfcce3fdf,"dc942f638640b6ed92464c74ff62b618,ec92f42e20b41de14e90890d46de4002,a28b146d47c6cbeb0bed3cbf07900418",04928a298f7f8602ec5baafcf6139d1e,Single Family Residence / Townhouse,Residential,SFR,SINGLE FAMILY RESIDENCE,1978,SFR,10,1580,3.0,3.0,2023-04-07,2023-04-07,2023-08-22,98,863849,881125,846572,17276.0,546.0,104.67,1.0,4.0,53,0,0,192881,143969,0,336850,2023-06-16,
35,185063685,53033,739930-0120,185063685,0.1980028,US,WA,2019 ABERDEEN PL SE,"RENTON, WA 98055",RENTON,ExaStr,"2019 ABERDEEN PL SE, RENTON, WA 98055",98055,4530,C019,Rooftop,47.461995,-122.192860,0.0,"CO53033, CS5392931, DB5307230, PL5357745, RS0004795258, SB0000128441, SB0000128442, SB0000128447, SB0000154509, ZI98055",5ee7d0cd1877f3a877c2aebc11f8c2fb,50c4b457864cd4b4e996d5dc01b4fc85,51a9844f395a1a2e1faf4b75fd293e19,,25e3c5dd1a8e808e10a0634f43335199,5da39ed03f72fb36366a1c3eb7a2156f,"263b7f6eb340c2d60df1be002f65da6c,9d2d6d9c666f84cfeb60d3455789678b,e11e65b354cb70396d8856702b41f1e6",c510e0430193fb12b2e9bd62732bfd74,Single Family Residence / Townhouse,Residential,SFR,SINGLE FAMILY RESIDENCE,1974,SFR,10,1480,2.0,3.0,2023-04-07,2023-04-07,2023-08-22,98,638176,650939,625412,12763.0,431.0,118.17,1.0,4.0,41,0,0,147136,0,0,147136,2023-06-16,
36,47865615,53033,440810-0085,47865615,0.1416896,US,WA,121 NE 147TH ST,"SHORELINE, WA 98155",SHORELINE,ExaStr,"121 NE 147TH ST, SHORELINE, WA 98155",98155,6835,C001,Rooftop,47.735194,-122.327936,0.0,"CO53033, CS5392928, DB5307920, ND0001689126, PL5363960, SB0000128595, SB0000128603, SB0000128606, ZI98155",5ee7d0cd1877f3a877c2aebc11f8c2fb,4970292b3b10ee79d01df26bfa1db532,aaae0a2014f786ec8b4f30a615419d84,52751648534592734745c65c6c686675,,80a7d570de7f181d8918a0c422abfdb4,"eac5a54bfdef76c799af89fe2d37449f,30af5cf1942710581d34ca424dc7f684",eef98b95772705b278605900b5e0e77f,Single Family Residence / Townhouse,Residential,SFR,SINGLE FAMILY RESIDENCE,1950,SFR,10,1080,1.0,2.0,2023-04-07,2023-04-07,2023-08-22,99,743065,750495,735634,7430.0,688.0,127.48,1.0,2.0,0,0,0,0,0,0,0,2021-05-18,
37,185383373,53033,239160-0950,185383373,0.0660009,US,WA,4458 51ST AVE SW,"SEATTLE, WA 98116",SEATTLE,ExaStr,"4458 51ST AVE SW, SEATTLE, WA 98116",98116,4029,C063,Rooftop,47.563117,-122.397154,0.0,"CO53033, CS5392928, DB5307710, ND0000335003, ND0004780730, PL5363000, SB0000128539, SB0000128555, SB0000128562, ZI98116",5ee7d0cd1877f3a877c2aebc11f8c2fb,4970292b3b10ee79d01df26bfa1db532,98873a44ab19bc44db1ac29ee8bea1aa,ea0fc64bf477d81acca093e51f260876,,2334119c0d04010c5be64976dea25ee4,"db54d65061c24fcfb878270f272fde32,4a966ecc7d54b531aa6b09fd8261142e,7d1eae75c911c4b42f102150fbb8057f",f5ab1c51e168676801165cf00d581adb,Single Family Residence / Townhouse,Residential,SFR,SINGLE FAMILY RESIDENCE,1990,SFR,10,1770,3.0,3.0,2023-04-07,2023-04-07,2023-08-22,98,859943,877141,842744,17198.0,485.0,122.98,1.0,4.0,73,0,0,633391,0,0,633391,2023-06-16,d8735b9715b0207ece1b14e5d6b76c0c
38,185080475,53033,783180-0460,185080475,0.2157943,US,WA,7542 21ST AVE SW,"SEATTLE, WA 98106",SEATTLE,ExaStr,"7542 21ST AVE SW, SEATTLE, WA 98106",98106,1834,C044,Rooftop,47.534185,-122.360107,0.0,"CO53033, CS5392928, DB5307710, ND0000335461, ND0000335900, PL5363000, SB0000128512, SB0000128554, SB0000128567, ZI98106",5ee7d0cd1877f3a877c2aebc11f8c2fb,4970292b3b10ee79d01df26bfa1db532,98873a44ab19bc44db1ac29ee8bea1aa,7ce70ad014fee7c962ce6f2cfe6476de,,2334119c0d04010c5be64976dea25ee4,"a6c14d568b0cc507ff65a5736ea95997,f7c6982f8d22f287cd3b0b3bdf2a024d",d0972b99f7811fd54bdd3dba1d84ada7,Single Family Residence / Townhouse,Residential,SFR,SINGLE FAMILY RESIDENCE,1949,SFR,10,1410,2.0,4.0,2023-04-07,2023-04-07,2023-08-22,98,605741,617855,593626,12114.0,429.0,117.99,1.0,4.0,38,0,0,208292,0,0,208292,2023-06-16,ea5e3cf3adb187d63738004835ce6c66
39,7140183,53033,177100-0430,7140183,0.2107438,US,WA,15804 198TH PL NE,"WOODINVILLE, WA 98077",WOODINVILLE,ExaStr,"15804 198TH PL NE, WOODINVILLE, WA 98077",98077,9428,R039,Rooftop,47.742667,-122.072161,0.0,"CO53033, CS5392931, DB5305910, ND0004855761, PL5314940, RS0000378993, SB0000128246, SB0000128263, SB0000128269, ZI98077",5ee7d0cd1877f3a877c2aebc11f8c2fb,50c4b457864cd4b4e996d5dc01b4fc85,bceedd4f37fdd5c95df8c3cb42854b18,bcb47ad0943f0ae57948431b5a57a9b1,4b1094113a3f74fb065623dbdbf286f2,03de7e8526d9c4625eb63f43dcce1037,"820b7e45cfd1ea82880b36df2236679c,80fed13c78a9d3d44fa90c5017fa6b91,6e2b5392ff4b2450b1a4b285927a2282",22374af5ca5849b2d22c13c7192ba350,Single Family Residence / Townhouse,Residential,SFR,SINGLE FAMILY RESIDENCE,1968,SFR,10,1160,1.0,3.0,2023-04-07,2023-04-07,2023-08-22,98,727845,742401,713288,14556.0,627.0,107.0,0.0,4.0,59,334522,267617,393323,0,0,393323,2023-09-15,
40,185491625,53033,556100-0200,185491625,0.8057851,US,WA,26069 SE 154TH ST,"ISSAQUAH, WA 98027",ISSAQUAH,ExaStr,"26069 SE 154TH ST, ISSAQUAH, WA 98027",98027,8278,R006,Rooftop,47.463494,-121.990792,0.0,"CO53033, CS5391392, DB5303750, ND0004716043, PL5346215, SB0000127901, SB0000127902, SB0000127903, ZI98027",5ee7d0cd1877f3a877c2aebc11f8c2fb,21a430870c049c2277de7a05da507943,65c22916cea02d35add4b0f66af5b4c4,3c3a46900553f98221c488b5e3e9afff,,72905ed2aae57063bd61be428a589a5f,"a4245f21f72ff57ed6ed70d9e256e570,4e4d90bbcb6e86c5f5901499ce232735",25f3c2ccac54e83565ae83be981aa7d3,Single Family Residence / Townhouse,Residential,SFR,SINGLE FAMILY RESIDENCE,1981,SFR,10,2940,3.0,3.0,2023-04-07,2023-04-07,2023-08-22,98,1326230,1352754,1299705,26524.0,451.0,127.61,1.0,4.0,26,0,0,154709,0,0,154709,2023-06-16,
41,33783014,53033,640350-0300,33783014,0.1862029,US,WA,4314 NE 6TH PL,"RENTON, WA 98059",RENTON,ExaStr,"4314 NE 6TH PL, RENTON, WA 98059",98059,4741,C071,Rooftop,47.493816,-122.161143,0.0,"CO53033, CS5392931, DB5307230, ND0004859608, PL5357745, RS0000353967, SB0000128450, SB0000138410, SB0000154457, SB0000154509, ZI98059",5ee7d0cd1877f3a877c2aebc11f8c2fb,50c4b457864cd4b4e996d5dc01b4fc85,51a9844f395a1a2e1faf4b75fd293e19,4abd60856aafe19d9be3471b882765a1,2ac03c57b22fb55fe7af54ef9f4f391b,5da39ed03f72fb36366a1c3eb7a2156f,"41190cddafdbbb68e81bd2f7c8dd8b1d,d7c5d2287a6b174fd7b3a2bc5f4f6e4c,d1a09f8f30894d97f592530b850e5502",84da147a9fb7cb38cd7c77e405b84112,Single Family Residence / Townhouse,Residential,SFR,SINGLE FAMILY RESIDENCE,1996,SFR,10,2100,3.0,4.0,2023-04-07,2023-04-07,2023-08-22,98,876018,893538,858497,17520.0,417.0,106.08,1.0,4.0,38,0,0,249830,0,0,249830,2023-06-16,
42,185574710,53033,872840-0005,185574710,0.1078972,US,WA,2640 NW 56TH ST,"SEATTLE, WA 98107",SEATTLE,ExaStr,"2640 NW 56TH ST, SEATTLE, WA 98107",98107,4131,C041,Rooftop,47.669681,-122.391950,0.0,"CO53033, CS5392928, DB5307710, ND0000498392, ND0000498462, PL5363000, SB0000128503, SB0000128508, SB0000128564, ZI98107",5ee7d0cd1877f3a877c2aebc11f8c2fb,4970292b3b10ee79d01df26bfa1db532,98873a44ab19bc44db1ac29ee8bea1aa,4ec013b9f2ff05fdcf4aa6e438084f67,,2334119c0d04010c5be64976dea25ee4,"336c830e03f6ca078f81b0bfa0d29e56,66f46e7714dae10ce90ad2b890954cdc,c8ac667fb343155184e4591713b461af",f024d6d4fcca46cf2e6acc3ef129d247,Condominium (residential),Residential,CONDOMINIUM,CONDOMINIUM,1981,CONDOMINIUM,11,0,,,2023-04-25,2023-04-25,2023-08-18,90,1028000,1106000,933100,78000.0,,71.79,0.0,16.82,0,0,0,0,0,0,0,2021-08-06,38649453bb3c784b85ab0d0882a2dd58
43,18136572,53033,232605-9099,18136572,0.9870983,US,WA,15712 NE 136TH PL,"REDMOND, WA 98052",REDMOND,ExaStr,"15712 NE 136TH PL, REDMOND, WA 98052",98052,2054,C036,Rooftop,47.723302,-122.130738,0.0,"CO53033, CS5392931, DB5305910, PL5314940, SB0000128262, SB0000128263, SB0000128269, ZI98052",5ee7d0cd1877f3a877c2aebc11f8c2fb,50c4b457864cd4b4e996d5dc01b4fc85,bceedd4f37fdd5c95df8c3cb42854b18,,,03de7e8526d9c4625eb63f43dcce1037,"820b7e45cfd1ea82880b36df2236679c,80fed13c78a9d3d44fa90c5017fa6b91,624ce8099cc0c67b72e6ac1929f40063",47f00eae83fe3ec4009cc95b52113a76,Single Family Residence / Townhouse,Residential,SFR,SINGLE FAMILY RESIDENCE,2001,SFR,10,3310,4.0,4.0,2023-04-07,2023-04-07,2023-08-22,99,1720941,1738150,1703731,17209.0,519.0,112.76,1.0,2.0,82,0,0,1453119,0,0,1453119,2023-06-16,
44,185989360,53033,556100-0920,185989360,0.8557622,US,WA,26429 SE 154TH PL,"ISSAQUAH, WA 98027",ISSAQUAH,ExaStr,"26429 SE 154TH PL, ISSAQUAH, WA 98027",98027,8242,R006,Rooftop,47.463368,-121.987306,0.0,"CO53033, CS5391392, DB5303750, ND0004716043, PL5346215, SB0000127901, SB0000127902, SB0000127903, ZI98027",5ee7d0cd1877f3a877c2aebc11f8c2fb,21a430870c049c2277de7a05da507943,65c22916cea02d35add4b0f66af5b4c4,3c3a46900553f98221c488b5e3e9afff,,72905ed2aae57063bd61be428a589a5f,"a4245f21f72ff57ed6ed70d9e256e570,4e4d90bbcb6e86c5f5901499ce232735",25f3c2ccac54e83565ae83be981aa7d3,Single Family Residence / Townhouse,Residential,SFR,SINGLE FAMILY RESIDENCE,2000,SFR,10,2710,3.0,4.0,2023-04-07,2023-04-07,2023-08-22,99,1297877,1310855,1284898,12978.0,478.0,117.28,1.0,2.0,39,0,0,423037,0,0,423037,2023-06-16,
45,185551638,53033,752541-0190,185551638,0.8080808,US,WA,3923 229TH PL SE,"SAMMAMISH, WA 98075",SAMMAMISH,ExaStr,"3923 229TH PL SE, SAMMAMISH, WA 98075",98075,9210,R020,Rooftop,47.574618,-122.034539,0.0,"CO53033, CS5391392, DB5303750, PL5361115, RS0000383828, SB0000127904, SB0000127905, SB0000127912, ZI98075",5ee7d0cd1877f3a877c2aebc11f8c2fb,21a430870c049c2277de7a05da507943,65c22916cea02d35add4b0f66af5b4c4,,938ad007be62fb50e12277cb1d62d13c,50f053084afb526ebee9d816c1baf486,"c6800bf789203da6a92c2f0ee919cc39,1d6515aa8be34ef7fc5aed1286858583",4ef9fa905f58f2d228aaccdcd9776ea8,Single Family Residence / Townhouse,Residential,SFR,SINGLE FAMILY RESIDENCE,1979,SFR,10,2910,2.0,3.0,2023-04-07,2023-04-07,2023-08-22,98,1441228,1470052,1412403,28824.0,495.0,119.45,0.0,4.0,32,0,0,388063,0,0,388063,2023-06-16,
46,185368556,53033,186890-2920,185368556,0.0860882,US,WA,6222 30TH AVE NE,"SEATTLE, WA 98115",SEATTLE,ExaStr,"6222 30TH AVE NE, SEATTLE, WA 98115",98115,7208,C041,Rooftop,47.674657,-122.295047,0.0,"CO53033, CS5392928, DB5307710, ND0000283547, ND0004780733, PL5363000, RS0004882255, SB0000128511, SB0000128518, SB0000128551, ZI98115",5ee7d0cd1877f3a877c2aebc11f8c2fb,4970292b3b10ee79d01df26bfa1db532,98873a44ab19bc44db1ac29ee8bea1aa,888e2a49fb7c745cd1b1ab2fde163342,83ecaceceebb659df2275fac752143b9,2334119c0d04010c5be64976dea25ee4,"72a9ed295a1134ca2be9d832cc919c96,6ce3133430b4f45cb76598f312adf9f6,5ed9a5f96b9e9f7f6df6af8fd50cdfab",97f24138c1b1b2aa50120af8c83a6fdf,Single Family Residence / Townhouse,Residential,SFR,SINGLE FAMILY RESIDENCE,1907,SFR,10,1825,3.0,3.0,2023-04-07,2023-04-07,2023-08-22,98,1047033,1067973,1026092,20940.0,573.0,128.44,1.0,4.0,82,0,0,733284,0,0,733284,2023-06-16,84a24f74ac41f53a9439af588bef7ab5
47,186007879,53033,152507-9056,186007879,0.5303719,US,WA,32418 NE 50TH ST,"CARNATION, WA 98014",CARNATION,ExaStr,"32418 NE 50TH ST, CARNATION, WA 98014",98014,6331,,Rooftop,47.651781,-121.906088,0.0,"CO53033, CS5393078, DB5304560, PL5310215, SB0000128478, SB0000128480, SB0000128481, ZI98014",5ee7d0cd1877f3a877c2aebc11f8c2fb,05f8dff05ce3663d66b7b364178c885e,ecb8459bdd9577bb2f4e3e78285c8b4c,,,deea0f20cc76df548d835d91b1dd6e65,"f91a7c94bcc516bc9258b4812db2d850,4565396c7e09cdee158eeec5573d69b6,9b7387bc2421d81ca991c1e13f63b3bf",10ea4f8bde1acd9650f9b25e48bf7dc7,Single Family Residence / Townhouse,Residential,SFR,SINGLE FAMILY RESIDENCE,1968,SFR,10,1800,2.0,3.0,2023-04-07,2023-04-07,2023-08-22,99,803397,811430,795363,8033.0,446.0,117.2,0.0,2.0,53,0,0,415180,0,0,415180,2023-06-16,
48,185001373,53033,173732-0120,185001373,0.2216483,US,WA,19334 89TH AVE NE,"BOTHELL, WA 98011",BOTHELL,ExaStr,"19334 89TH AVE NE, BOTHELL, WA 98011",98011,2202,C055,Rooftop,47.769778,-122.222143,0.0,"CO53033, CS5392931, DB5305910, ND0000206529, PL5307380, RS0004796308, SB0000128243, SB0000128245, SB0000128258, ZI98011",5ee7d0cd1877f3a877c2aebc11f8c2fb,50c4b457864cd4b4e996d5dc01b4fc85,bceedd4f37fdd5c95df8c3cb42854b18,179becef1778e9aa8aedbbc8e170896c,758c07d71de53aabcf981d74c6997e5f,ec7b9704fd7c2bdebb1e74f7345c37ac,"30670b300fab079d19765f38357f8feb,6d8a2a24b1489b8c3a3276f0bbdfdf4e,d99222d27823ed6c21fad5d80db7981f",33ae696276a128695e3d5e49a2cdeaf1,Single Family Residence / Townhouse,Residential,SFR,SINGLE FAMILY RESIDENCE,1976,SFR,10,2210,3.0,5.0,2023-04-07,2023-04-07,2023-08-22,99,1023347,1033580,1013113,10233.0,463.0,120.21,1.0,2.0,37,0,0,273382,0,0,273382,2023-06-16,
49,185455579,53033,220150-1015,185455579,0.2295684,US,WA,4071 156TH AVE SE,"BELLEVUE, WA 98006",BELLEVUE,ExaStr,"4071 156TH AVE SE, BELLEVUE, WA 98006",98006,1761,C086,Rooftop,47.572523,-122.133134,0.0,"CO53033, CS5392931, DB5300390, ND0005023403, PL5305210, SB0000127403, SB0000127410, SB0000127418, ZI98006",5ee7d0cd1877f3a877c2aebc11f8c2fb,50c4b457864cd4b4e996d5dc01b4fc85,1fa0fc62fd122b1f4ca1b52684a818f3,fb1bcb41772f3fe04e46a401d66f157e,,335750a26cbaf7ab8f0f82d5d67d925a,"0c7e494d16b9b1c09327ead2682923e8,6b1d73a6e5d7c5d5a174f1983db78112,9f61d049da3812aeb0fb631d2a9c2e8d",97c8add51f3197dd646593f78cba9ce4,Single Family Residence / Townhouse,Residential,SFR,SINGLE FAMILY RESIDENCE,1954,SFR,10,1920,2.0,4.0,2023-04-07,2023-04-07,2023-08-22,98,1208539,1232709,1184368,24170.0,629.0,147.92,1.0,4.0,46,0,0,250381,219715,0,470096,2023-06-16,
50,185013021,53033,242360-0100,185013021,2.88,US,WA,36850 204TH AVE SE,"AUBURN, WA 98092",AUBURN,ExaStr,"36850 204TH AVE SE, AUBURN, WA 98092",98092,9010,R003,Rooftop,47.270457,-122.069415,0.0,"CO53033, CS5391056, DB5300001, ND0004853719, RS0000233665, SB0000127703, SB0000127705, SB0000127708, SB0000154391, ZI98092",5ee7d0cd1877f3a877c2aebc11f8c2fb,89847a1284573d48de0b921af3093dc6,bc42efb020824c9c32d9efbf29185d9c,e4b53474957928dc57434882f97181b0,f2b20a46b90c53bc44dfdb21719b09fb,,"0a53bb0521e794eb783120cc8561f9aa,182a5a782d4dfd2faa0bfc6a10aeb980,9e8b695e7561da40cd756777394d2787",94a9bd0fa93f4be871eabb3718231231,Single Family Residence / Townhouse,Residential,SFR,SINGLE FAMILY RESIDENCE,1968,SFR,10,2190,2.0,4.0,2023-04-07,2023-04-07,2023-08-22,98,1129451,1152040,1106861,22589.0,515.0,106.27,1.0,4.0,42,0,0,409104,0,0,409104,2023-06-16,
51,13189306,53033,785322-0390,13189306,0.2753673,US,WA,7425 SNOWBERRY AVE SE,"SNOQUALMIE, WA 98065",SNOQUALMIE,ExaStr,"7425 SNOWBERRY AVE SE, SNOQUALMIE, WA 98065",98065,8979,R104,Rooftop,47.533710,-121.859808,0.0,"CO53033, CS5393078, DB5308040, ND0000239692, PL5365205, SB0000128624, SB0000128626, SB0000154487, ZI98065",5ee7d0cd1877f3a877c2aebc11f8c2fb,05f8dff05ce3663d66b7b364178c885e,25e2d4e7442d80263065fece7ac5d968,67675a05eaebc8f2b49673f51170982d,,a80a53bafeb297b85202e503049d28e7,"dc942f638640b6ed92464c74ff62b618,91792c72b865612aa8e0bf184afa5766,80fd416138ff2f450f2be10394700dcb",195d2dfb2d62611d0e8ae2fe25b40727,Single Family Residence / Townhouse,Residential,SFR,SINGLE FAMILY RESIDENCE,2006,SFR,10,3660,4.0,5.0,2023-04-07,2023-04-07,2023-08-22,98,1832751,1869406,1796095,36655.0,500.0,119.59,1.0,4.0,86,0,0,1391141,0,0,1391141,2023-06-16,
52,185880394,53033,277110-2144,185880394,0.0304637,US,WA,3400 21ST AVE W,"SEATTLE, WA 98199",SEATTLE,ExaStr,"3400 21ST AVE W, SEATTLE, WA 98199",98199,2305,C086,Rooftop,47.650621,-122.383004,0.0,"CO53033, CS5392928, DB5307710, ND0000498397, ND0000499229, PL5363000, SB0000128508, SB0000128541, SB0000154485, ZI98199",5ee7d0cd1877f3a877c2aebc11f8c2fb,4970292b3b10ee79d01df26bfa1db532,98873a44ab19bc44db1ac29ee8bea1aa,16446657642b6732d4e1bc8b90fd91a2,,2334119c0d04010c5be64976dea25ee4,"336c830e03f6ca078f81b0bfa0d29e56,95d6613ba3f92af05ee852168a6fa7c6",29a7430cfd53ec570ad67df3cb33fb80,Single Family Residence / Townhouse,Residential,TOWNHOUSE/ROWHOUSE,TOWNHOUSE,2008,TOWNHOUSE/ROWHOUSE,10,1320,4.0,3.0,2023-04-07,2023-04-07,2023-08-22,98,805744,821858,789629,16114.0,610.0,131.63,1.0,4.0,61,0,0,489381,0,0,489381,2023-06-16,4b2cb577c5da062e37f4fd88293cd2d7
53,206306194,53033,785336-1390,206306194,0.109045,US,WA,35229 SE TERRACE ST,"SNOQUALMIE, WA 98065",SNOQUALMIE,ExaStr,"35229 SE TERRACE ST, SNOQUALMIE, WA 98065",98065,5041,R102,Rooftop,47.514992,-121.869885,0.0,"CO53033, CS5393078, DB5308040, ND0000239692, PL5365205, RS0004844330, SB0000128624, SB0000128628, SB0000154555, ZI98065",5ee7d0cd1877f3a877c2aebc11f8c2fb,05f8dff05ce3663d66b7b364178c885e,25e2d4e7442d80263065fece7ac5d968,67675a05eaebc8f2b49673f51170982d,3545646f4a622e9e9061a28d4e155508,a80a53bafeb297b85202e503049d28e7,"dc942f638640b6ed92464c74ff62b618,ec92f42e20b41de14e90890d46de4002",195d2dfb2d62611d0e8ae2fe25b40727,Single Family Residence / Townhouse,Residential,SFR,SINGLE FAMILY RESIDENCE,2011,SFR,10,2200,3.0,3.0,2023-04-07,2023-04-07,2023-08-22,99,1084790,1095637,1073942,10847.0,493.0,111.04,0.0,2.0,16,0,0,156727,0,0,156727,2023-06-16,
54,216261856,53033,766620-2451,216261856,0.0440771,US,WA,,"SEATTLE, WA 98101",SEATTLE,ExaStr,", SEATTLE, WA 98101",98101,,C036,Rooftop,47.606335,-122.340108,0.0,"CO53033, CS5392928, DB5307710, ND0004780732, ND0004781343, PL5363000, SB0000128537, SB0000128572, SB0000154530, ZI98101",5ee7d0cd1877f3a877c2aebc11f8c2fb,4970292b3b10ee79d01df26bfa1db532,98873a44ab19bc44db1ac29ee8bea1aa,d30b523e6c9d0a93351eeedc8fac624d,,2334119c0d04010c5be64976dea25ee4,"537c99e10471d732697ec09a410eb857,a4bd749eee963f00fba5723c4838f90c",3c764785555d4e66e8775de8f369b3b9,Apartment,Residential,APARTMENT,APARTMENTS (GENERIC),0,APARTMENT,22,0,,,2023-04-25,2023-04-25,,0,0,0,0,,,,,,0,0,0,4913504,0,0,4913504,2023-06-16,5e729da7b98fa3e798852e413c5f3f51
55,185285157,53033,012305-9127,185285157,1.24,US,WA,9927 174TH AVE SE,"RENTON, WA 98059",RENTON,ExaStr,"9927 174TH AVE SE, RENTON, WA 98059",98059,5317,C047,Rooftop,47.513209,-122.109951,0.0,"CO53033, CS5392931, DB5303750, ND0004856688, SB0000127901, SB0000127914, SB0000155267, ZI98059",5ee7d0cd1877f3a877c2aebc11f8c2fb,50c4b457864cd4b4e996d5dc01b4fc85,65c22916cea02d35add4b0f66af5b4c4,1bf978db22f83159c463aaa145cf1349,,,"b3f444b2ba47cfdb81bd410f47a45fdd,d63c66d02cb23ce546360ed979798275,4e4d90bbcb6e86c5f5901499ce232735",84da147a9fb7cb38cd7c77e405b84112,Single Family Residence / Townhouse,Residential,SFR,SINGLE FAMILY RESIDENCE,2007,SFR,10,2730,4.0,4.0,2023-04-07,2023-04-07,2023-08-22,98,1188848,1212624,1165071,23776.0,435.0,107.3,0.0,4.0,44,0,0,536642,0,0,536642,2023-06-16,
56,141904854,53033,383205-0460,141904854,0.1101928,US,WA,29734 215TH TER SE,"KENT, WA 98042",KENT,ExaStr,"29734 215TH TER SE, KENT, WA 98042",98042,6851,R012,Rooftop,47.335861,-122.054893,0.0,"CO53033, CS5391056, DB5303960, ND0004790821, PL5337567, RS0000360081, SB0000127971, SB0000127973, SB0000127985, ZI98042",5ee7d0cd1877f3a877c2aebc11f8c2fb,89847a1284573d48de0b921af3093dc6,d18e254f3d9e8acaf1e902e0e18caf9d,a43c8589fbb7523e2bcb3210f0b7d161,f9a2845805b4e786a2563366b8e1312d,65a8f415c81f8a35333943dc606b2f20,"16851cf6ceb7629bf9070dea9ad14f8a,49e6a2ebfe7705071d30f86538922135,0b0e9ee09b105c4cce5e8c1f677e2b12",ae79926945d8daf28f516d66d14cee86,Single Family Residence / Townhouse,Residential,SFR,SINGLE FAMILY RESIDENCE,2006,SFR,10,2490,3.0,4.0,2023-04-07,2023-04-07,2023-08-22,99,631534,637849,625218,6315.0,253.0,92.1,1.0,2.0,67,0,0,415517,0,0,415517,2023-06-16,
57,217059766,53033,770818-0050,217059766,0.2238751,US,WA,5608 NE 5TH CIR,"RENTON, WA 98059",RENTON,ExaStr,"5608 NE 5TH CIR, RENTON, WA 98059",98059,8629,C078,Rooftop,47.490944,-122.143946,0.0,"CO53033, CS5392931, DB5303750, ND0004859608, PL5357745, RS0004878539, SB0000127896, SB0000127901, SB0000127903, ZI98059",5ee7d0cd1877f3a877c2aebc11f8c2fb,50c4b457864cd4b4e996d5dc01b4fc85,65c22916cea02d35add4b0f66af5b4c4,4abd60856aafe19d9be3471b882765a1,f12ea09f75d9cc1552bbbc17853f2457,5da39ed03f72fb36366a1c3eb7a2156f,"4e4d90bbcb6e86c5f5901499ce232735,5ab6b7104da90a81d0b304bbe1cb8ccd",84da147a9fb7cb38cd7c77e405b84112,Single Family Residence / Townhouse,Residential,SFR,SINGLE FAMILY RESIDENCE,2012,SFR,10,3030,3.0,4.0,2023-04-07,2023-04-07,2023-08-22,99,1235905,1248264,1223545,12359.0,407.0,117.23,1.0,2.0,33,1092141,873712,331540,0,0,331540,2022-07-09,
58,34905785,53033,813270-0150,34905785,0.1147842,US,WA,8053 29TH AVE NW,"SEATTLE, WA 98117",SEATTLE,ExaStr,"8053 29TH AVE NW, SEATTLE, WA 98117",98117,4661,C075,Rooftop,47.688326,-122.394786,0.0,"CO53033, CS5392928, DB5307710, ND0000498405, ND0000498462, PL5363000, RS0000499518, SB0000128508, SB0000128538, SB0000128564, ZI98117",5ee7d0cd1877f3a877c2aebc11f8c2fb,4970292b3b10ee79d01df26bfa1db532,98873a44ab19bc44db1ac29ee8bea1aa,a1642fd01b67fbf43513c728f6919baa,9ee4635e243fa7273f937a4e1c9ea135,2334119c0d04010c5be64976dea25ee4,"336c830e03f6ca078f81b0bfa0d29e56,38963a7715b8758170ba22b9e14d9b38,c8ac667fb343155184e4591713b461af",d5b67feb5ce99270abab666ccf63fde0,Single Family Residence / Townhouse,Residential,SFR,SINGLE FAMILY RESIDENCE,1944,SFR,10,1560,2.0,3.0,2023-04-07,2023-04-07,2023-08-22,98,1040348,1061154,1019541,20806.0,666.0,128.29,1.0,4.0,45,0,0,361429,0,0,361429,2023-06-16,38649453bb3c784b85ab0d0882a2dd58
59,1371554,53033,152306-9197,1371554,0.3226354,US,WA,13256 242ND PL SE,"ISSAQUAH, WA 98027",ISSAQUAH,ExaStr,"13256 242ND PL SE, ISSAQUAH, WA 98027",98027,8300,R025,Rooftop,47.482071,-122.016684,0.0,"CO53033, CS5391392, DB5303750, SB0000127901, SB0000127902, SB0000127903, ZI98027",5ee7d0cd1877f3a877c2aebc11f8c2fb,21a430870c049c2277de7a05da507943,65c22916cea02d35add4b0f66af5b4c4,,,,"a4245f21f72ff57ed6ed70d9e256e570,4e4d90bbcb6e86c5f5901499ce232735",25f3c2ccac54e83565ae83be981aa7d3,Single Family Residence / Townhouse,Residential,SFR,SINGLE FAMILY RESIDENCE,1986,SFR,10,1650,3.0,3.0,2023-04-07,2023-04-07,2023-08-22,98,898847,916823,880870,17976.0,544.0,118.09,1.0,4.0,67,0,0,599760,0,0,599760,2023-06-16,
60,41602725,53033,947470-0030,41602725,0.230877,US,WA,7528 N FORK RD SE,"SNOQUALMIE, WA 98065",SNOQUALMIE,ExaStr,"7528 N FORK RD SE, SNOQUALMIE, WA 98065",98065,9449,R104,Rooftop,47.532523,-121.762925,0.0,"CO53033, CS5393078, DB5308040, ND0004856418, RS0000233062, SB0000128624, SB0000128626, SB0000154487, ZI98065",5ee7d0cd1877f3a877c2aebc11f8c2fb,05f8dff05ce3663d66b7b364178c885e,25e2d4e7442d80263065fece7ac5d968,707ef39717993e3d7df6ebeed18c434d,673dac7c86f389dc305f7f060dac4642,,"dc942f638640b6ed92464c74ff62b618,91792c72b865612aa8e0bf184afa5766,80fd416138ff2f450f2be10394700dcb",195d2dfb2d62611d0e8ae2fe25b40727,Single Family Residence / Townhouse,Residential,SFR,SINGLE FAMILY RESIDENCE,1973,SFR,10,1680,1.0,3.0,2023-04-07,2023-04-07,2023-08-22,98,674321,687807,660834,13486.0,401.0,96.27,0.0,4.0,44,0,0,287195,0,0,287195,2023-06-16,
61,185802581,53033,868225-0070,185802581,0.168618,US,WA,13134 234TH CT NE,"REDMOND, WA 98053",REDMOND,ExaStr,"13134 234TH CT NE, REDMOND, WA 98053",98053,5640,C066,Rooftop,47.716935,-122.026167,0.0,"CO53033, CS5392931, DB5304560, ND0004855584, PL5373307, SB0000128479, SB0000128480, SB0000128481, ZI98053",5ee7d0cd1877f3a877c2aebc11f8c2fb,50c4b457864cd4b4e996d5dc01b4fc85,ecb8459bdd9577bb2f4e3e78285c8b4c,81d2207e19a8acf24f2752b7400ceb2b,,4b9ca0865b86e76f90fc86be89e291e4,"f91a7c94bcc516bc9258b4812db2d850,4565396c7e09cdee158eeec5573d69b6,9aaf6886dc5c14fed80963f07fafd110",2fbac3fdd4961cd58f34800dd0ca265c,Single Family Residence / Townhouse,Residential,SFR,SINGLE FAMILY RESIDENCE,2004,SFR,10,2315,3.0,3.0,2023-04-07,2023-04-07,2023-08-22,98,1323929,1350407,1297450,26478.0,571.0,117.76,1.0,4.0,0,0,0,0,0,0,0,2021-07-30,
62,24723149,53033,259183-0120,24723149,0.1687328,US,WA,13420 SE 182ND ST,"RENTON, WA 98058",RENTON,ExaStr,"13420 SE 182ND ST, RENTON, WA 98058",98058,6862,C025,Rooftop,47.439528,-122.160901,0.0,"CO53033, CS5392928, DB5303960, ND0004662546, PL5323160, RS0000406226, SB0000127958, SB0000127980, SB0000127983, ZI98058",5ee7d0cd1877f3a877c2aebc11f8c2fb,4970292b3b10ee79d01df26bfa1db532,d18e254f3d9e8acaf1e902e0e18caf9d,453b8a81501dbfc30a944cc0b37745f9,dfb013b834ddb159ba12e43aeddcf60f,294827f93ed55d4df6fa2308a3a9f1db,"c4482bc1d8dcf389b3f15ba64cc81e39,92289f5c0d84665825fe046cfd7f6800,8df32162ee29495189778e60f7699266",dc239b8904aaddbc37c05291a68da7e2,Single Family Residence / Townhouse,Residential,SFR,SINGLE FAMILY RESIDENCE,1988,SFR,10,2100,3.0,4.0,2023-04-07,2023-04-07,2023-08-22,98,749098,764079,734116,14981.0,356.0,100.21,1.0,4.0,59,0,0,420743,24801,0,445544,2023-06-16,
63,35353884,53033,982920-1058,35353884,0.1636823,US,WA,151 EUCLID AVE,"SEATTLE, WA 98122",SEATTLE,ExaStr,"151 EUCLID AVE, SEATTLE, WA 98122",98122,6525,C061,Rooftop,47.602928,-122.289005,0.0,"CO53033, CS5392928, DB5307710, ND0000205391, ND0004818948, PL5363000, SB0000128536, SB0000128572, SB0000154530, ZI98122",5ee7d0cd1877f3a877c2aebc11f8c2fb,4970292b3b10ee79d01df26bfa1db532,98873a44ab19bc44db1ac29ee8bea1aa,a26d38742250897137e2a19afceaf608,,2334119c0d04010c5be64976dea25ee4,"27ce0ad48454334b25812c194f49477b,537c99e10471d732697ec09a410eb857",d54692dc2f36aab1ecf2d4bd01db7975,Single Family Residence / Townhouse,Residential,SFR,SINGLE FAMILY RESIDENCE,1980,SFR,10,2850,3.0,3.0,2023-04-07,2023-04-07,2023-08-22,98,2078960,2120539,2037380,41579.0,729.0,128.65,1.0,4.0,43,0,0,844471,0,0,844471,2023-06-16,ab50c23fb886fc449ad3887b97b8dc40
